{
  "address": "1090 Murfreesboro Pike Nashville",
  "collection_timestamp": "20250628_134330",
  "data_type": "summer_2022_daily",
  "target_year": 2022,
  "actual_data_year": 2022,
  "total_summer_days": 92,
  "summer_2022_data": {
    "2022": {
      "june": {
        "daily_ghi": [
          340.7916666666667,
          138.0,
          385.25,
          363.1666666666667,
          246.75,
          82.08333333333333,
          174.70833333333334,
          141.0,
          427.25,
          128.875,
          362.0,
          260.1666666666667,
          347.7916666666667,
          321.9166666666667,
          344.5833333333333,
          355.125,
          178.125,
          454.1666666666667,
          449.0,
          443.4583333333333,
          421.7083333333333,
          357.875,
          414.4583333333333,
          377.125,
          295.9166666666667,
          89.375,
          322.0416666666667,
          364.8333333333333,
          418.1666666666667,
          220.04166666666666
        ],
        "days": [
          1,
          2,
          3,
          4,
          5,
          6,
          7,
          8,
          9,
          10,
          11,
          12,
          13,
          14,
          15,
          16,
          17,
          18,
          19,
          20,
          21,
          22,
          23,
          24,
          25,
          26,
          27,
          28,
          29,
          30
        ],
        "avg_ghi": 307.525,
        "total_days": 30
      },
      "july": {
        "daily_ghi": [
          341.0833333333333,
          235.20833333333334,
          200.33333333333334,
          197.75,
          256.25,
          139.625,
          117.375,
          301.5833333333333,
          96.25,
          404.7916666666667,
          395.0,
          257.2083333333333,
          206.70833333333334,
          406.3333333333333,
          277.75,
          217.95833333333334,
          92.0,
          52.166666666666664,
          228.83333333333334,
          273.8333333333333,
          328.4583333333333,
          397.0,
          379.3333333333333,
          196.0,
          68.45833333333333,
          82.29166666666667,
          204.20833333333334,
          78.875,
          50.208333333333336,
          76.54166666666667,
          38.708333333333336
        ],
        "days": [
          1,
          2,
          3,
          4,
          5,
          6,
          7,
          8,
          9,
          10,
          11,
          12,
          13,
          14,
          15,
          16,
          17,
          18,
          19,
          20,
          21,
          22,
          23,
          24,
          25,
          26,
          27,
          28,
          29,
          30,
          31
        ],
        "avg_ghi": 212.84274193548387,
        "total_days": 31
      },
      "august": {
        "daily_ghi": [
          129.54166666666666,
          260.2916666666667,
          329.625,
          171.08333333333334,
          46.541666666666664,
          197.0,
          203.54166666666666,
          170.83333333333334,
          225.66666666666666,
          111.375,
          239.45833333333334,
          353.75,
          380.9583333333333,
          218.16666666666666,
          237.0,
          18.916666666666668,
          205.95833333333334,
          320.125,
          162.33333333333334,
          75.0,
          98.75,
          258.0416666666667,
          274.1666666666667,
          320.0416666666667,
          171.0,
          216.5,
          348.7083333333333,
          345.5833333333333,
          164.83333333333334,
          132.29166666666666,
          403.9166666666667
        ],
        "days": [
          1,
          2,
          3,
          4,
          5,
          6,
          7,
          8,
          9,
          10,
          11,
          12,
          13,
          14,
          15,
          16,
          17,
          18,
          19,
          20,
          21,
          22,
          23,
          24,
          25,
          26,
          27,
          28,
          29,
          30,
          31
        ],
        "avg_ghi": 219.06451612903226,
        "total_days": 31
      }
    }
  }
}